name,address,type,town,state,zip,website,facebook,instagram,tiktok,main_image,sunday,monday,tuesday,wednesday
Fugitive Bluff Brewery & Winery,3166 Hwy B,Business,Berger,MO,63014,,,,,,10am-6pm,closed,9am-5pm,9am-5pm
Archie's House,2515 Highway B,Business,Berger,MO,63014,archieshouse.com,,,,,10am-6pm,closed,9am-5pm,9am-5pm
"Bright Side Blooms, LLC",,Business,Berger,MO,,www.facebook.com/brightsidebloomsllc,,,,,10am-6pm,closed,9am-5pm,9am-5pm
Jam Hut RV Park and Bar,12321 Hwy 100,Business,Berger,MO,63014,www.jamhut.com,,,,,10am-6pm,closed,9am-5pm,9am-5pm
Flamingo Key LLC bnb,,Business,New Haven,MO,,flamingokeyguesthouse.com,Flamingo Key,Flamingo Key,,,10am-6pm,closed,9am-5pm,9am-5pm
April Farms 1842,,Business,New Haven,MO,,,,,,,10am-6pm,closed,9am-5pm,9am-5pm
Jack Flash,,Business,Gerald,MO,,,,,,,10am-6pm,closed,9am-5pm,9am-5pm
The Blank Canvas Gallery & Studio,,Business,Hermann,MO,,www.theblankcanvashermann.com,https://www.facebook.com/groups/173088983800535/user/100063463693592/,,,,10am-6pm,closed,9am-5pm,9am-5pm
Hermann Grain Bins BnB & Retreat Center,2420 Hwy 19 S,Business,Hermann,MO,65041,www.hermanngrainbinsbnb.com,Hermann Grain Bins BnB,Hermann Grain Binns BnB,,,10am-6pm,closed,9am-5pm,9am-5pm
the Joerling Group Real Estate Co,,Real Estate,Hermann,MO,65041,www.joerlinggroup.com,donna.joerling.1 fb,donna joerling missouri realtor,,,closed,closed,9am-5pm,9am-5pm
"Zia, Hermann",1221 Lovers Ln,B&B,Hermann,MO,65041,www.ZiaMyRetreat.com,zia my retreat,zia my retreat,,,10am-6pm,closed,9am-5pm,9am-5pm
Strassner Furniture,,Business,Hermann,MO,65041,www.strassnerfurniture.com,strassner furniture fb,strassner furniture ig,Strassner furniture,,10am-6pm,closed,9am-5pm,9am-5pm
Old Vine Kitchen Emporium,210 Schiller,Business,Hermann,MO,65041,www.oldvinekitchenemporium.com,,,,,10am-6pm,closed,9am-5pm,9am-5pm
Bee Creative,,Business,New Haven,MO,63068,www.beecreativenh.com,bee creative,bee creative,,,10am-6pm,9am-5pm,closed,9am-5pm
Tanglewood Cottage,9442B Hwy 100,Business,New Haven,MO,63068,,,,,,10am-6pm,9am-5pm,closed,9am-5pm
Avant Gardens,,Business,New Haven,MO,63068,www.avantgardenscsa.com,avant gardens csa,,,,10am-6pm,9am-5pm,closed,9am-5pm
Elizabeth's Gifts & Antiques,,Business,New Haven,MO,63068,,,,,,10am-6pm,9am-5pm,closed,9am-5pm
Central Hotel,,Business,New Haven,MO,63068,www.centralhotel.com,central hotel,,,,10am-6pm,9am-5pm,closed,9am-5pm
The Liquor Cabinet,,Business,New Haven,MO,,,,,,,10am-6pm,9am-5pm,closed,9am-5pm
"Zia, New Haven",115 FRONT,Business,New Haven,MO,63068,www.ZiaMyRetreat.com,zia my retreat,zia my retreat,,,10am-6pm,9am-5pm,closed,9am-5pm
Yeates Schoolhouse,,Business,New Haven,MO,,yeates-schoolhouse.com,,,,,10am-6pm,9am-5pm,closed,9am-5pm
Robller Vineyard,,Business,New Haven,MO,63068,,,,,,10am-6pm,9am-5pm,closed,9am-5pm
Trinity Hill B&B,901 MAUPIN,Business,New Haven,MO,63068,,,,,,10am-6pm,9am-5pm,closed,9am-5pm
Pinckney Bend B&B,449 VINE STEET,Business,New Haven,MO,63068,,,,,,10am-6pm,9am-5pm,closed,9am-5pm
The Walt Theatre,,Business,New Haven,MO,,,,,,,10am-6pm,9am-5pm,closed,9am-5pm
Old World Heirlooms Antiques,,Business,Rosebud,MO,63091,www.oldworldheirlooms.com,,,,,10am-6pm,9am-5pm,closed,9am-5pm
Clancy's Marketplace & Bakery,222 Hwy 50,Business,Rosebud,MO,63091,,Clancys marketplace,Clancys_Marketplace,,,10am-6pm,9am-5pm,closed,9am-5pm
Rosebud Guest House,221 A Hwy 50,Business,Rosebud,MO,63091,www.stayrosebud.com,Rosebud Guesthouse,Rosebud Guesthouse,,,10am-6pm,9am-5pm,closed,9am-5pm
Copper June's,,Business,Rosebud,MO,,www.copperjunes.com,copperjune's,,,,10am-6pm,9am-5pm,closed,9am-5pm
Red Brick Antiques,,Business,Rosebud,MO,,,,,,,10am-6pm,9am-5pm,closed,9am-5pm
Loeb's Mill Bar & Grill,,Business,Rosebud,MO,,,,,,,10am-6pm,9am-5pm,closed,9am-5pm
White Mule Winery,,Business,Rosebud,MO,63091,,,,,,10am-6pm,9am-5pm,closed,9am-5pm
The Rusty Gate,,Business,Rosebud,MO,,,zelch farm,rachels rustic room,,,10am-6pm,9am-5pm,closed,9am-5pm
Rachel's Rustic Room & Boutique,3564 Highway T,Business,Rosebud,MO,63091,www.thesisterboutique.com,,,,,10am-6pm,9am-5pm,closed,9am-5pm
Zelch Farms / Zelch Family Homestead,2410 Stony Hill Rd,Business,Stony Hill,MO,65061,,,,,,10am-6pm,9am-5pm,closed,9am-5pm
Window to My World,,Business,Stony Hill,MO,,,,,,,10am-6pm,9am-5pm,closed,9am-5pm
Lady May's General Store & Guest Suites,,Business,Stony Hill,MO,,,,,,,10am-6pm,9am-5pm,closed,9am-5pm
Purdy's Stony Hill Hall,,Business,Stony Hill,MO,,,,,,,10am-6pm,9am-5pm,closed,9am-5pm
Test,,Restaurant,Hermann,MO,65041,,,,,,10am-6pm,9am-5pm,closed,9am-5pm
Test 2,,Art Gallery,Hermann,MO,65041,,,,,,10am-6pm,9am-5pm,closed,9am-5pm
Test 3,,B&B,Hermann,MO,65041,,,,,,10am-6pm,10am-6pm,closed,9am-5pm
Test 4,,B&B,Hermann,MO,65041,,,,,,,,,